,,,,,,,,,,,,,,,,,,,,,,,,,,,,,,,,,,,,,,,,,,,,,,,,,
Pitching Data for 547888 for game: gid_2017_04_27_nyamlb_bosmlb_1/,,,,,,,,,,,,,,,,,,,,,,,,,,,,,,,,,,,,,,,,,,,,,,,,,
dateStamp,park_sv_id,play_guid,ab_total,ab_count,pitcher_id,batter_id,ab_id,des,type,id,sz_top,sz_bot,pfx_xDataFile,pfx_zDataFile,mlbam_pitch_name,zone_location,pitch_con,stand,strikes,balls,p_throws,gid,pdes,spin,norm_ht,inning,pitcher_team,tstart,vystart,ftime,pfx_x,pfx_z,uncorrected_pfx_x,uncorrected_pfx_z,x0,y0,z0,vx0,vy0,vz0,ax,ay,az,start_speed,px,pz,pxold,pzold,sb
2017-04-27,170427_231609bos,d7376058-eea9-46fb-bfd7-249b0012a87d,5,1,547888,456030,4,Groundout,B,22,3.285,1.487,-5.22835,10.4782,FF,19,0.917,R,0,0,R,gid_2017_04_27_nyamlb_bosmlb_1/,Ball,206.486,-0.820067,1,nya,0.0759185911,-130.7397235147,0.3042587997,-4.4807417802,8.6032079684,-5.22835,10.4782,-1.399512662,55,5.4362155955,7.082413219,-133.669894541,-5.3641981188,-8.0670058365,25.8255133972,-16.6900179749,91.34,0.8551337324,1.7394064691,0.977642,1.64876,0
2017-04-27,170427_231626bos,24621343-9c2d-4f9b-b09b-95498ab0044d,5,2,547888,456030,4,Groundout,B,23,3.285,1.487,-4.77853,8.40869,FF,24,0.916,R,0,1,R,gid_2017_04_27_nyamlb_bosmlb_1/,Ball,209.578,-2.22687,1,nya,0.0773252962,-128.4240322576,0.3090933676,-4.1622882944,6.8041147752,-4.77853,8.40869,-1.5414650652,55,5.4508680403,7.4671760748,-131.1140298536,-7.3922734196,-7.2610852356,23.2718921051,-20.3092654114,89.68,0.974918277,0.4800882375,1.09891,0.384046,10
2017-04-27,170427_231649bos,167e3e37-5303-4f2f-a308-052cb32ed651,5,3,547888,456030,4,Groundout,B,24,3.285,1.487,-2.46986,8.39288,FF,23,0.876,R,0,2,R,gid_2017_04_27_nyamlb_bosmlb_1/,Ball,196.361,-1.30929,1,nya,0.077378257,-128.2798404252,0.3100263674,-1.8424906678,6.6239591553,-2.46986,8.39288,-1.5873489163,55,5.3345868735,6.0661698857,-131.1356905093,-5.0736089477,-3.1948964233,24.6950621948,-20.6929915314,89.57,0.7053795231,1.3001961978,0.83011,1.20895,20
2017-04-27,170427_231708bos,7dff4779-9686-47ad-883b-2259f7d5f182,5,4,547888,456030,4,Groundout,S,25,3.285,1.487,-5.21149,9.99721,FF,22,0.916,R,0,3,R,gid_2017_04_27_nyamlb_bosmlb_1/,Called Strike,207.501,-0.894463,1,nya,0.0775366578,-127.9928044958,0.3109842832,-4.5308310911,8.2512561765,-5.21149,9.99721,-1.636970223,55,5.4091175035,5.4719897757,-130.9171850644,-4.9268417362,-7.808178627,25.2383780823,-17.9592507248,89.4,-0.0125760123,1.6699752449,0.106676,1.58188,30
2017-04-27,170427_231732bos,7a958b5b-d5d0-48c3-a4fc-938ba33348d5,5,5,547888,456030,4,Groundout,X,26,3.285,1.487,-2.41272,9.711,FF,17,0.897,R,1,3,R,gid_2017_04_27_nyamlb_bosmlb_1/,"In play, out(s)",193.914,-0.4229,1,nya,0.077352683,-128.2720330228,0.3105721668,-1.8432189566,8.1233257617,-2.41272,9.711,-1.590893226,55,5.3538397696,4.1301872125,-131.278365695,-3.7886766658,-3.1849352951,26.009828125,-18.1425412064,89.59,-0.1200013936,2.0918730736,0.000626852,2.00581,31
2017-04-27,170427_231807bos,0c1e9f3e-ebd9-476b-8f45-c26a07d49947,2,1,547888,643217,5,Lineout,B,30,3.301,1.504,3.04502,-5.71532,CU,21,0.942,L,0,0,R,gid_2017_04_27_nyamlb_bosmlb_1/,Ball,28.0163,-1.64117,1,nya,0.0926914508,-107.0130711993,0.3727593648,3.7564503119,-7.715475654,3.04502,-5.71532,-1.4939176784,55,5.5337049587,0.6680743825,-109.6179033393,1.7255731702,4.5057726269,18.8095774994,-41.4335291748,74.75,-0.5635415485,1.0012146495,-0.444918,0.927907,0
2017-04-27,170427_231829bos,ec1ad26d-ac0e-4772-b6be-f7002766062d,2,2,547888,643217,5,Lineout,X,31,3.301,1.504,-8.95299,8.02626,SI,21,0.914,L,0,1,R,gid_2017_04_27_nyamlb_bosmlb_1/,"In play, out(s)",228.103,-0.94383,1,nya,0.0757689655,-130.9242156745,0.3045742449,-8.3337291375,6.5153472269,-8.95299,8.02626,-1.5197211088,55,5.4212109956,5.3585367983,-134.0795675253,-4.7570380539,-14.9727570648,27.8726725922,-20.4732306366,91.55,-0.5877027918,1.6471493816,-0.474677,1.55447,10
2017-04-27,170427_231907bos,d7323c85-43fe-4196-b21c-b4d93a116387,2,1,547888,605141,6,Lineout,S,35,3.285,1.487,4.49571,-6.33638,CU,13,0.939,R,0,0,R,gid_2017_04_27_nyamlb_bosmlb_1/,Called Strike,35.3281,0.25038,1,nya,0.0917172519,-108.1255581804,0.3692857407,5.2043299906,-8.3464616848,4.49571,-6.33638,-1.3402467499,55,5.5366271506,2.351957383,-110.8300200267,5.0806582051,6.3604596024,19.7385669098,-42.379608429,75.66,0.6657490491,2.6772334098,0.792526,2.61109,0
2017-04-27,170427_231917bos,3d3039c1-c739-49fa-93ed-c87ed4c1e7fe,2,2,547888,605141,6,Lineout,X,36,3.285,1.487,-4.89756,7.21476,FF,18,0.91,R,1,0,R,gid_2017_04_27_nyamlb_bosmlb_1/,"In play, out(s)",214.141,-0.343898,1,nya,0.0770254067,-128.9099588821,0.30807278,-4.2665469883,5.6153789466,-4.89756,7.21476,-1.6301411051,55,5.3946876002,6.972788237,-131.6523719318,-2.9073899653,-7.4923598404,23.8189845428,-22.3179953461,89.91,0.6498300783,2.1656536927,0.772583,2.07684,1
2017-04-27,170427_232927bos,adeb862d-77b0-4c6f-a6cd-cb24a528d361,6,1,547888,434670,10,Single,S,66,3.467,1.589,-2.95249,9.48172,FF,18,0.837,R,0,0,R,gid_2017_04_27_nyamlb_bosmlb_1/,Called Strike,197.259,-0.286593,2,nya,0.0776795568,-127.6868125635,0.3124806639,-2.2859709771,7.6073817456,-2.95249,9.48172,-1.6293310674,55,5.3728264606,5.2409714928,-130.8157990237,-2.9567232109,-3.9018733139,26.961705719,-19.1941283112,89.29,0.2583194685,2.3433870097,0.380682,2.25889,0
2017-04-27,170427_232948bos,4a672205-3f58-4106-b679-6a5427c57d72,6,2,547888,434670,10,Single,B,67,3.467,1.589,-10.3213,9.68513,SI,21,0.908,R,1,0,R,gid_2017_04_27_nyamlb_bosmlb_1/,Ball,226.8,-1.46163,2,nya,0.0763755361,-129.8111784264,0.3079470499,-9.5565080634,8.0127590914,-10.3213,9.68513,-1.4306230892,55,5.4061201273,5.6508424533,-133.1594265809,-6.0350397498,-16.7956139679,29.3496947632,-18.0965330963,90.97,-0.5415192529,1.247633468,-0.429784,1.15553,1
2017-04-27,170427_233012bos,b1dcbed4-a7e6-4a76-933c-2d5bc8e1a898,6,3,547888,434670,10,Single,B,68,3.467,1.589,-9.71614,5.17808,FS,21,0.853,R,1,1,R,gid_2017_04_27_nyamlb_bosmlb_1/,Ball,241.931,-2.50544,2,nya,0.0783541145,-126.655534345,0.314288645,-9.0435999312,3.5998668087,-9.71614,5.17808,-1.4078001929,55,5.4389805706,5.2237888344,-129.5551830392,-6.3452702476,-15.2592332001,24.7640357361,-26.1049578552,88.51,-0.5741435052,0.2728924957,-0.462604,0.175388,11
2017-04-27,170427_233038bos,a7e7fe43-f570-43a9-80d3-27679335ad8f,6,4,547888,434670,10,Single,S,69,3.467,1.589,-5.59237,0.975961,FS,22,0.898,R,1,2,R,gid_2017_04_27_nyamlb_bosmlb_1/,Foul,260.096,-0.897759,2,nya,0.079937026,-124.0960606291,0.3213501902,-4.902340435,-0.6279917683,-5.59237,0.975961,-1.3846963815,55,5.4069907308,4.7205532392,-127.0914427608,-0.9247302382,-7.9121605988,25.0800853119,-33.1925509338,86.72,-0.072585918,1.7749472601,0.0444317,1.685,21
2017-04-27,170427_233105bos,2d4b6d01-9c89-421b-a8a1-aa984087f4cf,6,5,547888,434670,10,Single,S,70,3.467,1.589,-8.51455,5.54509,FS,23,0.883,R,2,2,R,gid_2017_04_27_nyamlb_bosmlb_1/,Foul,236.909,-1.09647,2,nya,0.0785117763,-126.4278992119,0.3145665333,-7.7461315878,3.8885968699,-8.51455,5.54509,-1.4949495613,55,5.4649955585,6.9847072247,-129.2421959809,-3.4396809953,-13.0469376678,23.9843840942,-25.6293719177,88.28,0.3048765009,1.5889410035,0.422337,1.49842,22
2017-04-27,170427_233137bos,55f67bf1-c86d-4f7c-bb4f-108e5ac87746,6,6,547888,434670,10,Single,X,71,3.467,1.589,-0.190199,5.53772,SL,12,0.957,R,2,2,R,gid_2017_04_27_nyamlb_bosmlb_1/,"In play, no out",181.922,0.135707,2,nya,0.0809814108,-122.5262389535,0.3251131936,0.4108021367,3.7369559035,-0.190199,5.53772,-1.5084535599,55,5.3602931866,3.233515945,-125.3919119588,-0.0223028482,0.6477572088,23.6817450867,-26.2865279083,85.52,-0.0014652694,2.7345547584,0.120782,2.65543,22
2017-04-27,170427_233231bos,1638583e-8f8d-48ed-856f-a8ef63941e4c,1,1,547888,519048,11,Groundout,X,75,3.467,1.589,-8.90618,3.51547,SI,22,0.916,L,0,0,R,gid_2017_04_27_nyamlb_bosmlb_1/,"In play, out(s)",248.449,-1.14802,2,nya,0.0758460837,-130.8920341196,0.3036307274,-8.2914432823,2.062637729,-8.90618,3.51547,-1.6778182012,55,5.2398064597,7.0206983832,-133.7436172246,-2.9267000245,-14.9895102615,25.1543517456,-28.4501040344,91.34,-0.0534490476,1.5459191788,0.0630166,1.45001,0
2017-04-27,170427_233322bos,9658b5c8-9c07-49d9-b474-d1df2ede2b6c,3,1,547888,593428,12,Flyout,S,80,3.467,1.589,4.89431,-6.83812,CU,13,0.941,R,0,0,R,gid_2017_04_27_nyamlb_bosmlb_1/,Called Strike,35.565,0.137897,2,nya,0.0926037103,-107.074938927,0.3731476465,5.5448198183,-8.7892077255,4.89431,-6.83812,-1.2696303643,55,5.5367817914,1.8711031815,-109.799859207,5.4154323934,6.6370451813,19.6988845215,-42.699516571,74.97,0.5555290718,2.721434241,0.681234,2.65749,0
2017-04-27,170427_233349bos,5abe1b95-9d74-4cc3-80b9-0202e0d71e6c,3,2,547888,593428,12,Flyout,B,81,3.467,1.589,-7.10198,1.78895,FS,23,0.913,R,1,0,R,gid_2017_04_27_nyamlb_bosmlb_1/,Ball,255.855,-1.64026,2,nya,0.0783995329,-126.6506220105,0.3135674998,-6.346335847,0.228884609,-7.10198,1.78895,-1.390317983,55,5.4563860228,6.8608565566,-129.3446798991,-3.3032469312,-10.7574593658,22.9888720856,-31.7910254364,88.34,0.5670062635,1.0840964552,0.686398,0.987792,1
2017-04-27,170427_233427bos,c60f694e-edc5-474a-b57d-fbb72e64eb79,3,3,547888,593428,12,Flyout,X,82,3.467,1.589,-4.19709,8.66412,FF,13,0.917,R,1,1,R,gid_2017_04_27_nyamlb_bosmlb_1/,"In play, out(s)",205.814,0.0537027,2,nya,0.0762854141,-130.1122995692,0.3057133209,-3.6255441073,7.1356377441,-4.19709,8.66412,-1.58218834,55,5.2448724942,5.8586037508,-133.0246706664,-2.0662710503,-6.4653675194,25.5450835571,-19.4541457062,90.8,0.3072984176,2.6640520746,0.428663,2.57843,11
2017-04-27,170427_233526bos,d9f79f64-b7df-42de-b6fe-f949178d5c4e,4,1,547888,598265,13,Groundout,B,86,3.301,1.504,-5.68439,1.59881,FS,24,0.904,L,0,0,R,gid_2017_04_27_nyamlb_bosmlb_1/,Ball,254.283,-0.897776,2,nya,0.0791986697,-125.4203206899,0.3161279871,-4.9323037323,0.0116111781,-5.68439,1.59881,-1.6183819406,55,5.4033205589,8.3794680539,-127.9452406025,-1.563695325,-8.2256962891,21.3242583618,-32.1596358185,87.43,1.2461810698,1.687697824,1.37122,1.59585,0
2017-04-27,170427_233557bos,ac2b7420-f42c-462c-bc0f-603312f26707,4,2,547888,598265,13,Groundout,S,87,3.301,1.504,-9.42788,6.73794,SI,0,0.919,L,0,1,R,gid_2017_04_27_nyamlb_bosmlb_1/,Called Strike,234.429,1.20227,2,nya,0.0750937276,-132.0986177182,0.3018950276,-8.8134625211,5.266559035,-9.42788,6.73794,-1.4193282712,55,5.3434907892,4.9183608129,-135.2908551231,0.3802463039,-16.1169697876,28.452355896,-22.548168457,92.31,-0.7644737763,3.5677897553,-0.653085,3.48274,10
2017-04-27,170427_233620bos,dbe60c17-ff40-404a-82cc-32cfde8331f4,4,3,547888,598265,13,Groundout,S,88,3.301,1.504,0.896902,3.58727,SL,11,0.935,L,1,1,R,gid_2017_04_27_nyamlb_bosmlb_1/,Foul,166.001,0.0969239,2,nya,0.0814694933,-121.7479378087,0.3277107993,1.4692407607,1.8106519951,0.896902,3.58727,-1.7854067061,55,5.2290303162,1.796052165,-124.7281573132,0.6814033445,2.2801331644,24.4850955353,-29.3690264587,85.05,-0.7479462448,2.5692689191,-0.627376,2.48959,11
2017-04-27,170427_233708bos,59cd05eb-b543-4565-828c-e42ca3e91d71,4,4,547888,598265,13,Groundout,X,89,3.301,1.504,-6.36442,1.02474,FS,16,0.912,L,2,1,R,gid_2017_04_27_nyamlb_bosmlb_1/,"In play, out(s)",260.849,-0.569055,2,nya,0.0786895972,-126.0924121384,0.315944122,-5.7311615215,-0.5188410021,-6.36442,1.02474,-1.5372021393,55,5.3866924774,5.0110980742,-129.0486060206,-0.6897555892,-9.5690943832,25.1415438995,-33.0452883606,88.06,-0.2639938644,1.982360575,-0.147629,1.8912,12
2017-04-27,170427_234707bos,62dbe981-4f68-4099-abba-c977687ca4df,2,1,547888,506702,18,Groundout,S,122,3.301,1.504,-9.90704,8.47773,SI,15,0.914,L,0,0,R,gid_2017_04_27_nyamlb_bosmlb_1/,Called Strike,229.425,-0.36494,3,nya,0.0759939397,-130.5904438444,0.3048052636,-9.0504401787,6.7662067589,-9.90704,8.47773,-1.5875689389,55,5.4048378809,4.7895450093,-133.5762268651,-3.5536104016,-16.2357937927,26.2914786682,-20.0409453278,91.17,-1.0046649641,2.1642292194,-0.893931,2.0746,0
2017-04-27,170427_234721bos,1d4f4f65-84e8-4574-bf5b-cdbbd8b3ecd4,2,2,547888,506702,18,Groundout,X,123,3.301,1.504,-7.35368,5.4681,FS,17,0.901,L,1,0,R,gid_2017_04_27_nyamlb_bosmlb_1/,"In play, out(s)",233.348,-0.738031,3,nya,0.079175332,-125.403829125,0.3167481677,-6.7046084384,3.865449164,-7.35368,5.4681,-1.4856987283,55,5.4642374164,5.5572116388,-128.0887904955,-2.7548763408,-11.1376597519,22.6872630463,-25.7577364807,87.44,-0.1220080195,1.8275781389,-0.00602573,1.73938,1
2017-04-27,170427_234802bos,8fd958b0-c8fd-4c20-93a0-36e7e99ce8d8,3,1,547888,593523,19,Groundout,S,127,3.371,1.535,3.72733,-4.74587,CU,11,0.937,L,0,0,R,gid_2017_04_27_nyamlb_bosmlb_1/,Foul Bunt,38.119,-0.0778686,3,nya,0.0912019439,-108.7162734045,0.3675795371,4.3658197495,-6.6643885243,3.72733,-4.74587,-1.5323977077,55,5.4657359899,0.8701028704,-111.4961622175,4.1873337699,5.3853247528,20.4055362091,-40.3996546631,76.08,-0.4105734321,2.4481721815,-0.289675,2.38152,0
2017-04-27,170427_234834bos,3a4391dd-308e-4f0c-a89a-8a53eb21dbdd,3,2,547888,593523,19,Groundout,B,128,3.371,1.535,-6.59918,7.19735,SI,22,0.611,L,1,0,R,gid_2017_04_27_nyamlb_bosmlb_1/,Ball,222.493,-2.00515,3,nya,0.0764884642,-129.7572176704,0.306648932,-5.9980989882,5.6757220699,-6.59918,7.19735,-1.6620633478,55,5.2732059906,6.7640381407,-132.6906829622,-6.1882442139,-10.6311308975,25.6627269135,-22.1192553406,90.69,0.2433566696,0.708439426,0.362941,0.612268,1
2017-04-27,170427_234905bos,095e3899-4f98-43f3-b82b-6585d5938f34,3,3,547888,593523,19,Groundout,X,129,3.371,1.535,-5.74423,3.83528,FS,22,0.871,L,1,1,R,gid_2017_04_27_nyamlb_bosmlb_1/,"In play, out(s)",236.253,-1.48971,3,nya,0.0789294061,-125.6979876648,0.3170598643,-5.1136969583,2.249117045,-5.74423,3.83528,-1.3558458731,55,5.402078797,4.6246345661,-128.6789044751,-3.5227383594,-8.4781520004,25.2758784637,-28.4501212006,87.83,-0.146276231,1.1780733727,-0.0297806,1.08544,11
2017-04-27,170427_234939bos,550829d2-e2e5-4996-b5c8-6de39ab021b6,6,1,547888,456030,20,Groundout,B,133,3.285,1.487,-4.53706,7.77072,FF,23,0.909,R,0,0,R,gid_2017_04_27_nyamlb_bosmlb_1/,Ball,210.249,-1.32727,3,nya,0.0773407033,-128.3471772002,0.3098110202,-3.83161389,6.0145161662,-4.53706,7.77072,-1.5893643771,55,5.300286123,6.2070481119,-131.1893760802,-4.816970548,-6.6532947655,24.5884833679,-21.7352679138,89.61,0.4491029451,1.2844990135,0.570992,1.19278,0
2017-04-27,170427_234957bos,aeaa32e3-0719-4efd-9253-33d9024cd06d,6,2,547888,456030,20,Groundout,S,134,3.285,1.487,2.51049,3.06635,SL,22,0.917,R,0,1,R,gid_2017_04_27_nyamlb_bosmlb_1/,Foul,140.717,-0.877409,3,nya,0.0817716338,-121.2917716148,0.3290182965,3.0837589326,1.3608993393,2.51049,3.06635,-1.6508710288,55,5.2330405784,2.6924076398,-124.2797765706,-1.085426659,4.7477634315,24.4589667664,-30.0837557678,84.76,0.0471216862,1.6813517276,0.172507,1.59721,10
2017-04-27,170427_235021bos,6ef098a1-66ab-4995-bcaf-799d4f1a928c,6,3,547888,456030,20,Groundout,S,135,3.285,1.487,-8.88162,8.61906,SI,11,0.911,R,1,1,R,gid_2017_04_27_nyamlb_bosmlb_1/,Foul,225.837,-0.118669,3,nya,0.0750630365,-132.1709994684,0.3015467085,-8.0619395509,6.924605064,-8.88162,8.61906,-1.5468090347,55,5.2547258056,5.3641061337,-135.3098586147,-2.9453886945,-14.776756012,27.9861579285,-19.4868681793,92.35,-0.592183334,2.3686349513,-0.478742,2.27932,11
2017-04-27,170427_235046bos,9fa7e919-0527-4a72-8818-f9a20eac8912,6,4,547888,456030,20,Groundout,B,136,3.285,1.487,-8.79375,5.14636,FS,23,0.63,R,2,1,R,gid_2017_04_27_nyamlb_bosmlb_1/,Ball,239.647,-2.62547,3,nya,0.0779302563,-127.376046587,0.3121748234,-8.053126009,3.5381627868,-8.79375,5.14636,-1.5091643655,55,5.4414786486,7.4747599042,-130.1972404148,-6.8035806901,-13.7726494904,24.222138916,-26.1279490356,89.04,0.4295826698,0.1248509431,0.547576,0.0257005,12
2017-04-27,170427_235113bos,514d7ceb-2058-42b2-b6b6-bbfbc7158cd1,6,5,547888,456030,20,Groundout,B,137,3.285,1.487,-0.66692,2.62352,SL,24,0.953,R,2,2,R,gid_2017_04_27_nyamlb_bosmlb_1/,Ball,194.225,-1.38431,3,nya,0.0804609462,-123.0799212827,0.3264371665,-0.0551824188,0.9407371135,-0.66692,2.62352,-1.6507374286,55,5.2198262267,6.1481994934,-126.6746865399,-2.0779835707,-0.086307847,29.9269729004,-30.7076437836,86.48,1.0861488708,1.2302109843,1.21463,1.1415,22
2017-04-27,170427_235140bos,e1acf40e-77c4-4e80-a126-c119bc4b2aa5,6,6,547888,456030,20,Groundout,X,138,3.285,1.487,-6.442,3.09274,SI,16,0.592,R,2,3,R,gid_2017_04_27_nyamlb_bosmlb_1/,"In play, out(s)",244.342,-0.723211,3,nya,0.0777762013,-127.5939645197,0.3120055402,-5.8227338757,1.5643528939,-6.442,3.09274,-1.5740116294,55,5.3120554601,4.4151976747,-130.5231364267,-1.8206062139,-9.9689881439,25.202312027,-29.500702179,89.05,-0.5973528376,1.8274975134,-0.482415,1.73583,32
2017-04-28,170428_000523bos,cc4264cd-c2c3-4fd8-bd0e-817a65da42ad,4,1,547888,643217,25,Strikeout,S,182,3.301,1.504,4.76293,-5.33344,CU,11,0.937,L,0,0,R,gid_2017_04_27_nyamlb_bosmlb_1/,Called Strike,41.7412,0.467958,4,nya,0.0908023698,-109.2227059473,0.3654628201,5.4528916072,-7.3142727313,4.76293,-5.33344,-1.5457774121,55,5.4240896951,0.5761619273,-111.9314275426,5.2896543443,6.8043902283,19.9681659088,-41.3061144714,76.4,-0.402721334,2.8885498906,-0.280514,2.82296,0
2017-04-28,170428_000537bos,062ddbb5-f321-4474-b184-1f52006511d3,4,2,547888,643217,25,Strikeout,B,183,3.301,1.504,-2.67606,2.00262,SL,15,0.473,L,1,0,R,gid_2017_04_27_nyamlb_bosmlb_1/,Ball,233.173,-0.436711,4,nya,0.0797639842,-124.5106317328,0.3186653595,-2.0744398564,0.4215026278,-2.67606,2.00262,-1.4771702854,55,5.4136426618,0.5137272174,-127.0796200688,-0.6764166612,-3.4047081108,21.5444140778,-31.4872019653,86.65,-1.5786503773,2.0984451068,-1.46652,2.01011,1
2017-04-28,170428_000610bos,386ff784-9067-4824-a8f0-f1b895ee00f0,4,3,547888,643217,25,Strikeout,S,184,3.301,1.504,-9.6271,6.7508,SI,15,0.919,L,1,1,R,gid_2017_04_27_nyamlb_bosmlb_1/,Called Strike,234.943,-0.812295,4,nya,0.0753832646,-131.6609314804,0.3022017676,-9.0097673304,5.2766322323,-9.6271,6.7508,-1.5602333532,55,5.3500972804,4.6164907504,-134.6334330173,-3.9614201084,-16.4425179596,26.3853469238,-22.5493262177,91.89,-1.0599791475,1.7662420831,-0.949512,1.67265,11
2017-04-28,170428_000629bos,f0351b75-6f6e-4a06-9d63-8105bb4aae88,4,4,547888,643217,25,Strikeout,S,185,3.301,1.504,-5.87884,1.6872,FS,22,0.9,L,2,1,R,gid_2017_04_27_nyamlb_bosmlb_1/,Swinging Strike (Blocked),253.979,-1.86938,4,nya,0.0781987273,-126.9715316774,0.3128207187,-5.2630196229,0.166591897,-5.87884,1.6872,-1.4848750864,55,5.4774873542,5.2046743093,-129.6853623368,-3.9836847627,-8.9638115997,23.217444931,-31.8952658539,88.53,-0.0759675467,0.8209964199,0.0415456,0.722866,12
2017-04-28,170428_000658bos,e3125275-626e-4b22-98cc-afef5f3f3afb,8,1,547888,605141,26,Pop Out,S,189,3.301,1.504,-3.56647,7.91827,FF,12,0.917,R,0,0,R,gid_2017_04_27_nyamlb_bosmlb_1/,Called Strike,204.214,0.330898,4,nya,0.0760346006,-130.5193606632,0.304983915,-2.9598229482,6.306010378,-3.56647,7.91827,-1.5308184694,55,5.3286900188,4.25393469,-133.5072620903,-1.7033183999,-5.303476059,26.2961840973,-20.8797514801,91.08,-0.2147623451,2.7862799907,-0.0956896,2.69981,0
2017-04-28,170428_000717bos,d4335bc3-9436-4dc9-a5b0-7363e35a7999,8,2,547888,605141,26,Pop Out,S,190,3.301,1.504,-9.98022,7.05141,SI,21,0.919,R,1,0,R,gid_2017_04_27_nyamlb_bosmlb_1/,Foul,234.74,-0.922197,4,nya,0.0745479378,-133.0736964028,0.2996048365,-9.3684369216,5.5983900787,-9.98022,7.05141,-1.5639158939,55,5.2493217675,6.0625266455,-136.2656664996,-4.2362729224,-17.3947522278,28.657439743,-21.784244812,93.05,-0.5413714878,1.6684926264,-0.428544,1.57391,1
2017-04-28,170428_000735bos,640f53e2-7c87-40b8-97ec-166530e45f66,8,3,547888,605141,26,Pop Out,S,191,3.301,1.504,-7.77743,4.23138,SI,21,0.624,R,2,0,R,gid_2017_04_27_nyamlb_bosmlb_1/,Foul,241.437,-1.61579,4,nya,0.0777098799,-127.6997035018,0.3117806418,-6.9996857909,2.6139289687,-7.77743,4.23138,-1.4720427601,55,5.3822861435,5.2318921402,-130.6407724783,-4.2080339693,-12.0013196106,25.3265719757,-27.6972849731,89.19,-0.3320270274,1.0459448735,-0.217192,0.950714,2
2017-04-28,170428_000800bos,6b105e09-7121-46ec-bf63-26d2dbca67d0,8,4,547888,605141,26,Pop Out,B,192,3.301,1.504,0.229148,2.58059,SL,23,0.913,R,2,0,R,gid_2017_04_27_nyamlb_bosmlb_1/,Ball,174.969,-1.67262,4,nya,0.0800682091,-123.8986721756,0.321794886,0.8070109149,0.9357459861,0.229148,2.58059,-1.654343078,55,5.2078050864,4.3216717067,-126.8714971456,-2.7825896849,1.2988825505,24.8498607025,-30.6729185944,86.57,0.3798908857,0.9911239223,0.505325,0.899652,2
2017-04-28,170428_000818bos,eb7c2a52-6fce-48ba-a313-4414c82c9558,8,5,547888,605141,26,Pop Out,S,193,3.301,1.504,2.43959,1.73553,SL,10,0.92,R,2,1,R,gid_2017_04_27_nyamlb_bosmlb_1/,Foul,125.446,0.299853,4,nya,0.0812376499,-122.0789430283,0.327015255,2.9454319677,0.0259014146,2.43959,1.73553,-1.8615453911,55,5.1810824331,1.3141856203,-125.1166235264,1.7881322623,4.5905182724,25.0300383911,-32.1386320953,85.32,-0.8108624832,2.7522747314,-0.688954,2.67192,12
2017-04-28,170428_000843bos,51bbba8c-ea98-4bf5-b008-bf06fa6b29e8,8,6,547888,605141,26,Pop Out,S,194,3.301,1.504,-5.62546,10.1451,FF,0,0.915,R,2,1,R,gid_2017_04_27_nyamlb_bosmlb_1/,Foul,208.978,1.55802,4,nya,0.0739031357,-134.1802090594,0.2976635808,-4.9907054177,8.5397277207,-5.62546,10.1451,-1.4298565132,55,5.3211535433,3.4339664126,-137.5623757482,-0.2306823825,-9.3877017136,30.6359572754,-16.1154559021,93.82,-0.8101790021,3.8853084509,-0.69591,3.80238,12
2017-04-28,170428_000906bos,751f4c1b-53af-4f2c-ac2a-fd2cfb95c5db,8,7,547888,605141,26,Pop Out,B,195,3.301,1.504,-7.99516,4.94302,SI,23,0.796,R,2,1,R,gid_2017_04_27_nyamlb_bosmlb_1/,Ball,238.258,-2.90549,4,nya,0.077559191,-127.9484126866,0.3111682296,-7.3058376039,3.3676384051,-7.99516,4.94302,-1.430355551,55,5.3844560608,6.8753002825,-130.8934010706,-7.2259437681,-12.575586998,25.4095378265,-26.3822615509,89.5,0.3590504417,-0.1073746697,0.47693,-0.208087,12
2017-04-28,170428_000935bos,466cad41-aae0-420f-8ed1-8e42437a6889,8,8,547888,605141,26,Pop Out,X,196,3.301,1.504,0.315751,3.05025,SL,13,0.884,R,2,2,R,gid_2017_04_27_nyamlb_bosmlb_1/,"In play, out(s)",174.133,0.0189131,4,nya,0.0794401646,-124.769187711,0.3207791122,0.8912441748,1.4359104807,0.315751,3.05025,-1.6810078628,55,5.2447299103,4.8939183057,-128.0898741105,0.3211548041,1.4435548549,27.9888549194,-29.8532450562,87.4,0.6088423645,2.5036788267,0.735763,2.41949,22
2017-04-28,170428_001020bos,74cbc82c-cb94-457c-a730-f766e4961d72,3,1,547888,434670,27,Single,S,200,3.285,1.487,-11.2631,6.41658,SI,15,0.919,R,0,0,R,gid_2017_04_27_nyamlb_bosmlb_1/,Swinging Strike,240.315,-0.483748,4,nya,0.0745203161,-133.0290954761,0.3006354748,-10.553184608,4.9147033384,-11.2631,6.41658,-1.5768632231,55,5.1922836385,4.8873370103,-136.501741291,-2.8817184554,-19.4604031677,31.1995044098,-23.1161330109,93.15,-1.2147274699,2.0438810087,-1.10605,1.95111,0
2017-04-28,170428_001043bos,0d783863-e388-4c49-bb48-072877b9f760,3,2,547888,434670,27,Single,S,201,3.285,1.487,1.01515,3.01472,SL,24,0.927,R,1,0,R,gid_2017_04_27_nyamlb_bosmlb_1/,Swinging Strike,161.426,-0.942995,4,nya,0.0800750654,-123.7966570036,0.3231057465,1.5852955003,1.3607005073,1.01515,3.01472,-1.6947822929,55,5.2724052796,5.0422087574,-127.0412179101,-1.5946107486,2.5308686857,27.1286254272,-30.0066893463,86.69,0.7854199101,1.6260363127,0.913864,1.53825,1
2017-04-28,170428_001111bos,d5b36ec0-b30f-45a9-b62d-c2c524a55393,3,3,547888,434670,27,Single,X,202,3.285,1.487,-6.34169,11.8387,FF,6,0.916,R,2,0,R,gid_2017_04_27_nyamlb_bosmlb_1/,"In play, no out",208.145,1.06208,4,nya,0.0737161416,-134.4233674073,0.298076237,-5.6762202618,10.1662297869,-6.34169,11.8387,-1.3964423686,55,5.3185577444,4.6774270211,-138.1032748391,-1.9648129541,-10.6476380463,33.4290938721,-13.1088564758,94.22,-0.3742249899,3.4247073798,-0.258523,3.34081,2
2017-04-28,170428_001200bos,b3242ae2-b66d-4a29-8c1c-5b2b8374cf96,2,1,547888,519048,28,Forceout,S,206,3.467,1.589,5.65133,-3.45115,CU,11,0.94,L,0,0,R,gid_2017_04_27_nyamlb_bosmlb_1/,Called Strike,58.5722,0.188577,4,nya,0.0916411126,-108.1978840788,0.3693014636,6.2609235637,-5.4479310705,5.65133,-3.45115,-1.5405493556,55,5.3566868425,-0.3460504257,-110.9566912036,4.7131590582,7.6511214142,20.1535067902,-38.8366091614,75.72,-0.7355072722,2.7669536739,-0.614885,2.70507,0
2017-04-28,170428_001231bos,54169e9d-b94f-43d2-8180-a8520ad8671d,2,2,547888,519048,28,Forceout,X,207,3.467,1.589,-9.46219,5.79487,SI,15,0.919,L,1,0,R,gid_2017_04_27_nyamlb_bosmlb_1/,"In play, out(s)",238.5,-0.401586,4,nya,0.0751548088,-132.0147265362,0.3018526183,-8.8476790937,4.334120041,-9.46219,5.79487,-1.7098119201,55,5.1583986456,5.6133388948,-135.1345041307,-2.0196573427,-16.1840874786,27.7815394745,-24.2510702972,92.23,-0.7729931737,2.2422227809,-0.660253,2.15091,1
2017-04-28,170428_002057bos,2ea3e2d6-4d0c-4f28-baa2-8a303d995f13,3,1,547888,593428,32,Single,B,232,3.411,1.565,-4.00569,7.97297,FF,5,0.917,R,0,0,R,gid_2017_04_27_nyamlb_bosmlb_1/,Ball,206.643,1.02537,5,nya,0.0766894585,-129.4829872525,0.3066246684,-3.345652953,6.2694050404,-4.00569,7.97297,-1.6151541121,55,5.2334124535,3.296517293,-132.2126216291,0.3598744524,-5.9308297272,23.8111110077,-21.065243042,90.17,-0.7527065664,3.5159032878,-0.636227,3.43441,0
2017-04-28,170428_002113bos,8738df5d-d5c6-4863-9c93-0e51ac295eee,3,2,547888,593428,32,Single,S,233,3.411,1.565,-4.21039,6.85077,FF,17,0.911,R,0,1,R,gid_2017_04_27_nyamlb_bosmlb_1/,Called Strike,211.545,-0.36477,5,nya,0.0772064442,-128.6245181926,0.3085828569,-3.5050047545,5.113511619,-4.21039,6.85077,-1.5591144431,55,5.1889437852,5.5841592762,-131.3103459897,-2.0333634544,-6.1347062225,23.2713427887,-23.228971756,89.62,0.2571136483,2.2388674254,0.378148,2.15132,10
2017-04-28,170428_002135bos,175f53c9-f2b9-4320-913e-5a572c8f1f8b,3,3,547888,593428,32,Single,X,234,3.411,1.565,-3.77772,6.21123,FF,16,0.909,R,1,1,R,gid_2017_04_27_nyamlb_bosmlb_1/,"In play, no out",211.279,-0.393214,5,nya,0.0764862192,-129.8069760847,0.3060628998,-3.2095602148,4.7061341507,-3.77772,6.21123,-1.5074175053,55,5.1707369204,3.8747813147,-132.6036667073,-2.0291475487,-5.7104837532,24.4627127991,-23.8057959442,90.46,-0.3831063238,2.2141936991,-0.26521,2.12506,11
2017-04-28,170428_002215bos,593d475f-aaa6-4ffb-98ca-9b815ab97b0c,2,1,547888,598265,33,Grounded Into DP,B,238,3.301,1.504,-10.7129,7.95239,SI,23,0.917,L,0,0,R,gid_2017_04_27_nyamlb_bosmlb_1/,Ball,233.394,-1.67293,5,nya,0.0759469123,-130.6169639536,0.3052957094,-9.9727103178,6.36176657,-10.7129,7.95239,-1.6277324424,55,5.2404969037,8.8306473367,-133.7663837109,-5.7842799365,-17.8328415985,27.7551379547,-20.8031180267,91.49,0.5066126765,0.9941887818,0.624279,0.899372,0
2017-04-28,170428_002307bos,0005d076-cd37-4a4c-bfe0-64681f53b064,2,2,547888,598265,33,Grounded Into DP,X,240,3.301,1.504,-10.4213,8.48663,SI,17,0.917,L,0,1,R,gid_2017_04_27_nyamlb_bosmlb_1/,"In play, out(s)",230.822,-0.251594,5,nya,0.0757735656,-130.9385865385,0.3043144623,-9.7871758343,6.9733280315,-10.4213,8.48663,-1.6673160117,55,5.2271476984,7.7120739454,-134.0273073551,-2.9968996515,-17.6141202087,27.2801890717,-19.6290018921,91.56,0.0173613592,2.2648342286,0.13297,2.17644,10
2017-04-28,170428_002350bos,45423cd3-18b4-47e6-b6a8-d0a06fcb28d6,1,1,547888,506702,34,Flyout,X,245,3.301,1.504,-9.2698,7.92964,SI,16,0.918,L,0,0,R,gid_2017_04_27_nyamlb_bosmlb_1/,"In play, out(s)",229.435,-0.23273,5,nya,0.0744745278,-133.2035477597,0.299325723,-8.5798092973,6.3956065811,-9.2698,7.92964,-1.5576571996,55,5.1947169282,6.2922556961,-136.4025942843,-2.9245756763,-15.9601990814,28.7494197235,-20.2818644409,93.12,-0.319439906,2.2842421011,-0.204957,2.19339,0
2017-04-28,170428_003519bos,6c4bf66d-2634-4d64-b427-9196343e73a4,3,1,547888,593523,39,Strikeout,S,280,3.371,1.535,4.20591,-4.18288,CU,17,0.942,L,0,0,R,gid_2017_04_27_nyamlb_bosmlb_1/,Called Strike,45.1342,-0.529377,6,nya,0.0920288183,-107.8198222392,0.3694283453,4.8501066603,-6.1543586158,4.20591,-4.18288,-1.6053815967,55,5.4293341158,1.234033997,-110.3355666933,3.3636486264,5.9229710464,18.2941069946,-39.694729126,75.27,-0.2187264531,2.0339358061,-0.0960443,1.96703,0
2017-04-28,170428_003537bos,99d5acee-c593-4b49-bb60-5fc606ba3234,3,2,547888,593523,39,Strikeout,S,281,3.371,1.535,-6.67353,6.7565,FS,11,0.882,L,1,0,R,gid_2017_04_27_nyamlb_bosmlb_1/,Foul,224.623,0.0147415,6,nya,0.0803596635,-123.5256848975,0.3219006431,-5.8359487236,4.9085405976,-6.67353,6.7565,-1.5391384397,55,5.3774389287,4.8150404082,-126.2603102068,-1.0363331467,-9.3867776031,22.7690368042,-24.2839033966,86.15,-0.3278093996,2.5472725443,-0.212135,2.46653,1
2017-04-28,170428_003605bos,6cf9f46c-0a25-4433-b690-8753da218653,3,3,547888,593523,39,Strikeout,S,282,3.371,1.535,-7.7564,1.95441,FS,22,0.908,L,2,0,R,gid_2017_04_27_nyamlb_bosmlb_1/,Swinging Strike (Blocked),255.85,-2.04052,6,nya,0.0780255781,-127.1658185979,0.3132737482,-6.8897524041,0.3689200001,-7.7564,1.95441,-1.4966534995,55,5.3528712674,6.5762211053,-130.1462013997,-4.0939152697,-11.7004983063,25.5629439697,-31.5524828796,88.89,0.2491955117,0.6779167468,0.36713,0.579802,2
2017-04-28,170428_003647bos,f8646611-f101-4a90-bbdb-7b519225ccb3,6,1,547888,456030,40,Strikeout,S,286,3.285,1.487,-2.2015,10.5817,FF,13,0.879,R,0,0,R,gid_2017_04_27_nyamlb_bosmlb_1/,Swinging Strike,191.713,0.188481,6,nya,0.07733213,-128.3274606382,0.310213763,-1.6356448594,8.9880362689,-2.2015,10.5817,-1.6310421595,55,5.3558556417,6.0024240286,-131.2710661017,-2.8462482421,-2.8327982063,25.4718547211,-16.6124832993,89.62,0.6678644053,2.6382120504,0.792804,2.55544,0
2017-04-28,170428_003702bos,2e2daf61-28ca-4550-abaa-6e7056132604,6,2,547888,456030,40,Strikeout,S,287,3.285,1.487,-3.16143,9.99695,FF,13,0.917,R,1,0,R,gid_2017_04_27_nyamlb_bosmlb_1/,Foul,197.512,-0.0192463,6,nya,0.0761812215,-130.2794966179,0.3054301518,-2.5356345252,8.2464735129,-3.16143,9.99695,-1.5344737365,55,5.2227763234,5.2661431772,-133.2278851985,-2.9450891788,-4.5301396484,25.8974051819,-17.4459317093,90.93,0.275312508,2.4545379544,0.39714,2.3687,1
2017-04-28,170428_003736bos,b971a2ef-1c09-4ac9-ba6a-a8709950d6bd,6,3,547888,456030,40,Strikeout,S,288,3.285,1.487,-6.797,10.22,FF,1,0.908,R,2,0,R,gid_2017_04_27_nyamlb_bosmlb_1/,Foul,213.598,1.27586,6,nya,0.0735801949,-134.819355914,0.2957691406,-6.1994985581,8.7192648878,-6.797,10.22,-1.3733008706,55,5.3700567138,4.3318012627,-138.0668662074,-1.1605869053,-11.8113515015,29.5400271759,-15.5669625168,94.19,-0.5879200908,3.6180859189,-0.473738,3.533,2
2017-04-28,170428_003817bos,f183f805-de28-4f3d-aa3f-12807796a41e,6,4,547888,456030,40,Strikeout,S,289,3.285,1.487,-4.7468,10.9453,FF,2,0.917,R,2,0,R,gid_2017_04_27_nyamlb_bosmlb_1/,Foul,203.412,1.0149,6,nya,0.0737410711,-134.4599722852,0.2971913099,-4.0718925068,9.1796762178,-4.7468,10.9453,-1.3628664401,55,5.3714849728,4.7338309935,-137.8945941817,-1.8539414698,-7.6837432022,31.1811652527,-14.8567660217,94.08,-0.0720549511,3.3837459983,0.0461615,3.2984,2
2017-04-28,170428_003848bos,bd5de02d-1902-421e-ad41-3fc0d8818091,6,5,547888,456030,40,Strikeout,S,290,3.285,1.487,0.972309,4.06291,SL,16,0.939,R,2,0,R,gid_2017_04_27_nyamlb_bosmlb_1/,Foul,166.58,-0.551144,6,nya,0.0805139338,-123.0525576663,0.3258731111,1.5427290315,2.3192164757,0.972309,4.06291,-1.6654124087,55,5.2863881146,2.5618277375,-126.4855273891,-1.0584896965,2.4212595587,28.5552230225,-28.5390704041,86.26,-0.2816874273,1.974590051,-0.159082,1.89052,2
2017-04-28,170428_003922bos,1dc9a6b1-e73c-4f49-a91b-d1807cda57e8,6,6,547888,456030,40,Strikeout,S,291,3.285,1.487,-8.47746,3.23105,SI,20,0.876,R,2,0,R,gid_2017_04_27_nyamlb_bosmlb_1/,Swinging Strike,249.126,-1.60053,6,nya,0.0769880846,-128.9489196965,0.3082218812,-7.5756590301,1.633028038,-8.47746,3.23105,-1.4148870261,55,5.3709209338,4.0066368081,-131.7627633671,-4.0168020553,-13.2905280228,24.4533973083,-29.3140604858,89.92,-0.9095771046,1.0445039174,-0.79823,0.94712,2
2017-04-28,170428_004001bos,8129122d-8d28-48f9-8c22-2d47346c4cb7,2,1,547888,643217,41,Lineout,S,295,3.301,1.504,-9.09252,6.94803,SI,22,0.918,L,0,0,R,gid_2017_04_27_nyamlb_bosmlb_1/,Called Strike,232.596,-1.10398,6,nya,0.0756309318,-131.2116633316,0.3034181549,-8.4763041572,5.4600707846,-9.09252,6.94803,-1.6143946839,55,5.2363713031,6.7493282854,-134.2283904132,-4.3199778348,-15.3451859589,26.6920066223,-22.2942908173,91.68,-0.1343046133,1.5042601552,-0.01867,1.41058,0
2017-04-28,170428_004013bos,5bca8a80-8db2-417a-be9d-205ed64562f5,2,2,547888,643217,41,Lineout,X,296,3.301,1.504,-10.307,6.19051,SI,16,0.919,L,1,0,R,gid_2017_04_27_nyamlb_bosmlb_1/,"In play, out(s)",238.995,-0.503404,6,nya,0.075226862,-131.8751312673,0.3023035417,-9.5433512255,4.6381220839,-10.307,6.19051,-1.578808363,55,5.1735361056,5.9839954853,-135.0310659679,-2.6325647284,-17.4045655365,28.0779509888,-23.720283783,92.17,-0.5938298504,2.0421521936,-0.481404,1.95019,1
2017-04-28,170428_005246bos,2160e904-9d45-45d9-b77f-d24d324f579b,3,1,547888,605141,46,Groundout,S,334,3.285,1.487,3.22781,4.13363,SL,18,0.933,R,0,0,R,gid_2017_04_27_nyamlb_bosmlb_1/,Swinging Strike,142.041,-0.36534,7,nya,0.0822899139,-120.4143245388,0.3327974907,3.7305060132,2.2792644982,3.22781,4.13363,-1.5329250885,55,5.3290676229,3.6669872373,-123.7212148535,-0.4540874821,5.6137931709,26.9109816895,-28.7490847473,84.39,0.7208653238,2.1373976436,0.849756,2.05756,0
2017-04-28,170428_005307bos,0cc60061-5f95-4ea6-877b-4792d7662d8b,3,2,547888,605141,46,Groundout,S,335,3.285,1.487,2.83899,2.28562,SL,23,0.905,R,1,0,R,gid_2017_04_27_nyamlb_bosmlb_1/,Swinging Strike (Blocked),128.856,-1.8742,7,nya,0.0821114345,-120.752278572,0.3309399022,3.4218722078,0.5776866713,2.83899,2.28562,-1.6243969537,55,5.3480842008,3.8579693716,-123.8396614581,-2.9492900816,5.2073200111,25.1716323242,-31.2998907928,84.5,0.661227763,0.7904316343,0.790012,0.701098,1
2017-04-28,170428_005329bos,e8429d6a-16b8-4b3f-b00f-14b7b5d17f42,3,3,547888,605141,46,Groundout,X,336,3.285,1.487,-1.89407,7.94904,FF,13,0.912,R,2,0,R,gid_2017_04_27_nyamlb_bosmlb_1/,"In play, out(s)",193.364,0.178959,7,nya,0.0762245508,-130.2647533171,0.3048647263,-1.3505449092,6.436717155,-1.89407,7.94904,-1.5438959725,55,5.3118785848,5.2370208637,-133.0347958652,-2.073294228,-2.4218287106,24.3116984711,-20.6365282898,90.79,0.4369848081,2.6338198177,0.560553,2.54688,2
2017-04-28,170428_005416bos,0bd68fba-3ad2-4b83-9d51-f7a416d31f31,2,1,547888,434670,47,Flyout,B,340,3.285,1.487,-0.298003,7.43045,FC,19,0.732,R,0,0,R,gid_2017_04_27_nyamlb_bosmlb_1/,Ball,182.252,-0.273113,7,nya,0.0769058211,-129.0705172524,0.3080998356,0.2394943181,5.8922903551,-0.298003,7.43045,-1.597557739,55,5.3029992074,7.5821543167,-131.9360240473,-2.6497638959,0.4204951887,24.9305339203,-21.8335364227,90.12,1.647598014,2.2283860058,1.7787,2.14047,0
2017-04-28,170428_005436bos,748177d8-ffb3-4a21-91e0-c24db9203949,2,2,547888,434670,47,Flyout,X,341,3.285,1.487,-2.28403,9.00164,FF,18,0.915,R,0,1,R,gid_2017_04_27_nyamlb_bosmlb_1/,"In play, out(s)",194.199,-0.632714,7,nya,0.076215105,-130.2557069159,0.3051399905,-1.7101867091,7.3762093075,-2.28403,9.00164,-1.6054779136,55,5.255282531,6.0226935787,-133.1011356344,-4.0151633001,-3.0612163181,24.9787707672,-18.9756625061,90.88,0.6495580618,1.9066238419,0.774206,1.81719,10
2017-04-28,170428_005524bos,4f3df00b-6b48-4eb5-bcb1-5e21fd26a996,3,1,547888,519048,48,Groundout,S,345,3.467,1.589,-10.3661,5.38858,SI,20,0.919,L,0,0,R,gid_2017_04_27_nyamlb_bosmlb_1/,Called Strike,242.52,-1.0095,7,nya,0.0748201105,-132.6599568289,0.2998472439,-9.4648103659,3.8031693185,-10.3661,5.38858,-1.6359948944,55,5.1786301581,5.0050208384,-135.6308779571,-3.3376069451,-17.5452897186,26.5690303192,-25.1289160614,92.57,-1.0622829275,1.6753999258,-0.951719,1.58008,0
2017-04-28,170428_005545bos,a34b5d02-0ff5-41ff-b048-3b82a904b2fb,3,2,547888,519048,48,Groundout,B,346,3.467,1.589,-10.1512,5.48335,FS,22,0.842,L,1,0,R,gid_2017_04_27_nyamlb_bosmlb_1/,Ball,241.609,-1.99542,7,nya,0.0781552768,-127.0050173338,0.3131325755,-9.1821375699,3.7530213272,-10.1512,5.48335,-1.3879192982,55,5.3755554984,6.4362814592,-129.8308804361,-5.2140187047,-15.6075970764,24.1927695618,-25.7996962433,88.7,-0.0632230222,0.7493910466,0.0507417,0.654305,1
2017-04-28,170428_005615bos,8d19e866-f816-4bc6-ba20-231db4319939,3,3,547888,519048,48,Groundout,X,347,3.467,1.589,-6.80943,6.07055,SI,21,0.746,L,1,1,R,gid_2017_04_27_nyamlb_bosmlb_1/,"In play, out(s)",228.262,-1.1573,7,nya,0.0780004393,-127.2229328156,0.3129605479,-6.1824912054,4.4997877188,-6.80943,6.07055,-1.6008790467,55,5.3505999645,5.1848832676,-130.1562518,-3.6244176125,-10.5204197998,25.1658416138,-24.5219481354,88.85,-0.3443123938,1.5318827724,-0.228284,1.4413,11
2017-04-28,170428_010445bos,bf56c853-cece-411a-a87f-5d6f3196c838,6,1,547888,593428,52,Pop Out,B,370,3.411,1.565,-5.52113,9.53232,FF,24,0.917,R,0,0,R,gid_2017_04_27_nyamlb_bosmlb_1/,Ball,210.049,-1.66168,8,nya,0.0756414283,-131.2397256723,0.3028905464,-4.8249493262,7.8136951843,-5.52113,9.53232,-1.5357027964,55,5.2663103377,8.382212427,-134.1182361179,-6.3998824733,-8.7653662796,25.4611888275,-17.9840529327,91.73,1.1925764918,1.0486307295,1.31713,0.954268,0
2017-04-28,170428_010505bos,93b0b345-0ee8-48b7-b4b0-c303d4203375,6,2,547888,593428,52,Pop Out,B,371,3.411,1.565,-3.34243,9.36323,FF,19,0.917,R,0,1,R,gid_2017_04_27_nyamlb_bosmlb_1/,Ball,199.61,-0.778627,8,nya,0.0757725393,-131.0172502582,0.3033587891,-2.7818041491,7.8311727771,-3.34243,9.36323,-1.5593123266,55,5.2124624039,7.2435529811,-133.8770434663,-4.3001837815,-5.0380460854,25.251430069,-17.9961865311,91.46,1.0212067134,1.8592327931,1.14661,1.76933,10
2017-04-28,170428_010528bos,b7b15f02-4fbb-4682-9edd-453357025939,6,3,547888,593428,52,Pop Out,B,372,3.411,1.565,-3.12815,9.59756,FF,23,0.917,R,0,2,R,gid_2017_04_27_nyamlb_bosmlb_1/,Ball,198.016,-1.33507,8,nya,0.07592403,-130.7530480393,0.3039996943,-2.5743084084,8.0756587157,-3.12815,9.59756,-1.6075452489,55,5.2052493814,6.4765951999,-133.6154289286,-5.5634247273,-4.6426188583,25.2241092072,-17.6150086288,91.29,0.6917008798,1.3476399197,0.815895,1.25573,20
2017-04-28,170428_010548bos,95cd520d-ca8c-426c-91ef-63e88abf2642,6,4,547888,593428,52,Pop Out,S,373,3.411,1.565,-4.7113,9.66249,FF,17,0.917,R,0,3,R,gid_2017_04_27_nyamlb_bosmlb_1/,Called Strike,205.961,-0.725249,8,nya,0.076088534,-130.4319576319,0.3051364013,-4.1362125502,8.1286851562,-4.7113,9.66249,-1.617348202,55,5.2042819698,5.0687241558,-133.4025180628,-4.1799614081,-7.4039513702,26.1245417938,-17.6283963089,91.07,-0.1437874347,1.9072836235,-0.0248573,1.8186,30
2017-04-28,170428_010604bos,aa0d6a67-7307-468e-87a5-28edcefe27af,6,5,547888,593428,52,Pop Out,S,374,3.411,1.565,-4.23994,10.8458,FF,19,0.917,R,1,3,R,gid_2017_04_27_nyamlb_bosmlb_1/,Foul,201.317,-0.83037,8,nya,0.0755066978,-131.4083868702,0.3031560208,-3.6637135897,9.2842946885,-4.23994,10.8458,-1.5629123778,55,5.1855273567,7.2092558056,-134.4871360667,-4.9219759593,-6.6441261406,27.2875209198,-15.3419783478,91.89,0.8611443321,1.8107054442,0.985139,1.72157,31
2017-04-28,170428_010639bos,b86bd475-5ec6-4d2b-81d1-8c90cc297b37,6,6,547888,593428,52,Pop Out,X,375,3.411,1.565,-0.32203,3.8213,SL,7,0.931,R,2,3,R,gid_2017_04_27_nyamlb_bosmlb_1/,"In play, out(s)",184.774,0.91455,8,nya,0.0800539252,-123.7928812913,0.3235374371,0.2708205837,2.1704193073,-0.32203,3.8213,-1.7019098647,55,5.2285670123,3.923383777,-127.1467585691,2.2580514684,0.4312025671,28.0540252075,-28.7232420807,86.75,0.0788112054,3.4095382807,0.202512,3.33213,32
2017-04-28,170428_010727bos,26c50188-75db-448d-9333-0e95fe70b173,1,1,547888,598265,53,Groundout,X,379,3.301,1.504,-8.70259,6.00922,SI,17,0.919,L,0,0,R,gid_2017_04_27_nyamlb_bosmlb_1/,"In play, out(s)",235.357,-0.510794,8,nya,0.0749262721,-132.3732090049,0.3014743609,-8.097436848,4.5495970355,-8.70259,6.00922,-1.5982155182,55,5.1104171992,7.5707282811,-135.634013828,-2.5103757571,-14.8489434357,29.1306414948,-23.8360255127,92.64,0.2626974144,2.0357341198,0.380548,1.94355,0
2017-04-28,170428_010810bos,bf8c648f-918e-478c-b98c-1a4c92304d26,5,1,547888,506702,54,Groundout,S,383,3.301,1.504,-10.0551,5.67193,SI,15,0.919,L,0,0,R,gid_2017_04_27_nyamlb_bosmlb_1/,Called Strike,240.559,-0.397792,8,nya,0.07463583,-132.8078717619,0.3012899862,-9.4356300034,4.2174262289,-10.0551,5.67193,-1.6715914426,55,5.1149986024,5.8524146715,-136.3207559325,-2.1711207816,-17.3240830536,31.5139232025,-24.4356863861,93.04,-0.7317054511,2.1373055957,-0.61937,2.04508,0
2017-04-28,170428_010824bos,7fe1234c-db26-4faa-8c67-82dafd53a772,5,2,547888,506702,54,Groundout,B,384,3.301,1.504,-10.8774,6.97518,FS,22,0.643,L,1,0,R,gid_2017_04_27_nyamlb_bosmlb_1/,Ball,237.313,-2.0264,8,nya,0.0780283717,-127.1215464676,0.3138103069,-9.8701262278,5.1732207558,-10.8774,6.97518,-1.5282224735,55,5.3243547211,7.1090161866,-130.2200569883,-5.7603729785,-16.7046372528,26.579188858,-23.4236128693,89.01,-0.0157188716,0.6757988841,0.0986429,0.581784,1
2017-04-28,170428_010845bos,c91d5104-306c-4aea-a064-2a2805281094,5,3,547888,506702,54,Groundout,S,385,3.301,1.504,-5.55785,0.914217,FS,10,0.905,L,1,1,R,gid_2017_04_27_nyamlb_bosmlb_1/,Foul,260.655,0.0535425,8,nya,0.0787960606,-125.9334005329,0.3162190208,-4.8713612498,-0.6408778574,-5.55785,0.914217,-1.4985300023,55,5.3478321278,3.3334982196,-128.8517925968,0.7407189906,-8.119384491,24.7854361877,-33.2471888428,87.88,-0.8164520258,2.5386644816,-0.702428,2.45061,11
2017-04-28,170428_010916bos,6cddfda7-66b6-4f06-9a65-3f74d346bc83,5,4,547888,506702,54,Groundout,S,386,3.301,1.504,-5.4482,10.9148,FF,2,0.917,L,2,1,R,gid_2017_04_27_nyamlb_bosmlb_1/,Foul,206.494,1.5696,8,nya,0.073215959,-135.4356861102,0.2949414646,-4.8678869553,9.397888295,-5.4482,10.9148,-1.5497878949,55,5.2760076777,5.3166876499,-138.8611609379,-0.5479066925,-9.3264758224,31.3198981628,-14.1734097366,94.75,-0.1624823981,3.8960480088,-0.0443941,3.81279,12
2017-04-28,170428_010945bos,5140ef88-b6a6-464e-8349-23e88d148490,5,5,547888,506702,54,Groundout,X,387,3.301,1.504,-6.95102,2.06654,FS,21,0.717,L,2,1,R,gid_2017_04_27_nyamlb_bosmlb_1/,"In play, out(s)",253.435,-0.974667,8,nya,0.0775465682,-127.9762121609,0.3110270792,-6.3298014803,0.5589513333,-6.95102,2.06654,-1.6398095437,55,5.3399012067,5.3427083186,-130.9009183852,-2.0484025567,-10.9054209824,25.2379851685,-31.2159998779,89.34,-0.3527225504,1.6208354419,-0.236591,1.52676,12
2017-04-28,170428_012758bos,0363d7c1-fa6d-4598-aec9-0289005895a0,3,1,547888,593523,61,Groundout,S,450,3.371,1.535,-9.05936,7.93152,SI,20,0.918,L,0,0,R,gid_2017_04_27_nyamlb_bosmlb_1/,Called Strike,228.777,-1.05431,9,nya,0.0751759793,-131.9386246859,0.3024160582,-8.2713397392,6.2885430877,-9.05936,7.93152,-1.7346118843,55,5.2090465577,4.5087996417,-135.1733865134,-4.4582834011,-15.0735280151,28.8014579163,-20.7188818817,92.27,-1.1610008086,1.5782837497,-1.04961,1.48514,0
2017-04-28,170428_012819bos,e0ab9cc7-c4d5-44c8-9281-51d5d2c23352,3,2,547888,593523,61,Groundout,S,451,3.371,1.535,-9.03655,6.85583,SI,16,0.919,L,1,0,R,gid_2017_04_27_nyamlb_bosmlb_1/,Foul,232.794,-0.60871,9,nya,0.0739274576,-134.1855959216,0.2971705788,-8.4283940521,5.4160903512,-9.03655,6.85583,-1.5875533885,55,5.1308655376,5.6893168361,-137.4192416987,-3.2354330456,-15.9067685242,29.2757945404,-21.9573023682,93.8,-0.5899631742,1.9878602317,-0.476477,1.8942,1
2017-04-28,170428_012844bos,a4b1ab1a-6e68-4aae-a44f-fd5b99dca9d0,3,3,547888,593523,61,Groundout,X,452,3.371,1.535,-7.02774,3.71441,FS,20,0.538,L,2,0,R,gid_2017_04_27_nyamlb_bosmlb_1/,"In play, out(s)",242.128,-0.998957,9,nya,0.0779785447,-127.2329300364,0.3132112881,-6.1856595911,2.0554688655,-7.02774,3.71441,-1.6448861536,55,5.3254138012,3.9871453133,-130.2436598221,-2.4408250573,-10.5089652176,25.8397479401,-28.6869147186,88.86,-0.9018211186,1.6278318229,-0.788397,1.53596,2
2017-04-28,170428_012927bos,c3e28cb5-f3e1-4b24-9746-b7c40a5f48a8,4,1,547888,456030,62,Groundout,S,456,3.285,1.487,1.6479,5.19656,SL,7,0.948,R,0,0,R,gid_2017_04_27_nyamlb_bosmlb_1/,Called Strike,162.442,0.406595,9,nya,0.082389819,-120.3743504815,0.3316145799,2.2066392454,3.3190120325,1.6479,5.19656,-1.6263125897,55,5.3314725953,2.6463177932,-123.3618027568,0.6643773445,3.3443587189,24.2716708527,-27.1487410431,84.13,-0.0773239486,2.8270877372,0.0464411,2.75153,0
2017-04-28,170428_012945bos,b7de76b3-1a53-44ac-8aea-cfae1d507051,4,2,547888,456030,62,Groundout,B,457,3.285,1.487,4.91654,0.686246,SL,24,0.882,R,1,0,R,gid_2017_04_27_nyamlb_bosmlb_1/,Ball,97.9496,-1.26287,9,nya,0.0830794787,-119.2603236251,0.336138394,5.3574444938,-1.075160615,4.91654,0.686246,-1.6732319665,55,5.3560026572,3.6532813524,-122.5643769237,-0.9659256365,7.9026034241,26.6333899841,-33.7649367218,83.61,0.8447737313,1.3361754174,0.976421,1.25068,1
2017-04-28,170428_013005bos,83f2ce8d-f273-4f23-8df2-36d89ff85030,4,3,547888,456030,62,Groundout,B,458,3.285,1.487,-3.21176,7.65558,FF,24,0.916,R,1,1,R,gid_2017_04_27_nyamlb_bosmlb_1/,Ball,202.726,-2.17465,9,nya,0.0758191103,-130.8901268101,0.3041219286,-2.6402915594,6.1146183398,-3.21176,7.65558,-1.594666748,55,5.1125896572,8.9344672816,-133.8870894245,-6.5665934076,-4.7577888603,26.4509139404,-21.1604960327,91.6,1.7202753153,0.5280345403,1.84943,0.430986,11
2017-04-28,170428_013036bos,3942e444-fc35-4b8d-8d9d-c0680a60ae83,4,4,547888,456030,62,Groundout,X,459,3.285,1.487,-5.80082,7.57477,FF,22,0.791,R,1,2,R,gid_2017_04_27_nyamlb_bosmlb_1/,"In play, out(s)",217.419,-1.28973,9,nya,0.0755003632,-131.4155041251,0.303178845,-5.0965521784,5.9198669038,-5.80082,7.57477,-1.657209274,55,5.1650098072,5.7602410829,-134.5061464618,-4.7811637279,-9.2411801453,27.3956237183,-21.4449675446,91.85,-0.0605864465,1.3205744581,0.0582443,1.22654,21
2017-04-28,170428_013120bos,5cdbca05-7785-4199-972d-ce6ab66f604c,2,1,547888,643217,63,Groundout,S,463,3.301,1.504,7.49677,-5.82411,CU,17,0.94,L,0,0,R,gid_2017_04_27_nyamlb_bosmlb_1/,Called Strike,52.1376,-0.483205,9,nya,0.0911977612,-108.6046422586,0.3697159242,8.0843596458,-7.7809112874,7.49677,-5.82411,-1.4825268777,55,5.3630072473,0.2764704,-111.7314385623,3.9642241028,9.8573019867,22.964868103,-41.6663058167,76.23,-0.0814143338,2.0371228316,0.0445659,1.96834,0
2017-04-28,170428_013145bos,245a199c-343a-4978-9b37-31b134f3dc19,2,2,547888,643217,63,Groundout,X,464,3.301,1.504,-5.23874,2.09171,FS,20,0.887,L,1,0,R,gid_2017_04_27_nyamlb_bosmlb_1/,"In play, out(s)",248.224,-1.00259,9,nya,0.0788465272,-125.8638052886,0.3162736976,-4.6169615595,0.5329532586,-5.23874,2.09171,-1.5408030881,55,5.2853556386,3.1148046771,-128.7475468844,-1.7135931679,-7.6927010651,24.4744449005,-31.2910025482,87.82,-0.9134829223,1.593240631,-0.799538,1.50168,1
